,ds
0,2015-01-02
1,2015-01-05
2,2015-01-06
3,2015-01-07
4,2015-01-08
5,2015-01-09
6,2015-01-12
7,2015-01-13
8,2015-01-14
9,2015-01-15
10,2015-01-16
11,2015-01-20
12,2015-01-21
13,2015-01-22
14,2015-01-23
15,2015-01-26
16,2015-01-27
17,2015-01-28
18,2015-01-29
19,2015-01-30
20,2015-02-02
21,2015-02-03
22,2015-02-04
23,2015-02-05
24,2015-02-06
25,2015-02-09
26,2015-02-10
27,2015-02-11
28,2015-02-12
29,2015-02-13
30,2015-02-17
31,2015-02-18
32,2015-02-19
33,2015-02-20
34,2015-02-23
35,2015-02-24
36,2015-02-25
37,2015-02-26
38,2015-02-27
39,2015-03-02
40,2015-03-03
41,2015-03-04
42,2015-03-05
43,2015-03-06
44,2015-03-09
45,2015-03-10
46,2015-03-11
47,2015-03-12
48,2015-03-13
49,2015-03-16
50,2015-03-17
51,2015-03-18
52,2015-03-19
53,2015-03-20
54,2015-03-23
55,2015-03-24
56,2015-03-25
57,2015-03-26
58,2015-03-27
59,2015-03-30
60,2015-03-31
61,2015-04-01
62,2015-04-02
63,2015-04-06
64,2015-04-07
65,2015-04-08
66,2015-04-09
67,2015-04-10
68,2015-04-13
69,2015-04-14
70,2015-04-15
71,2015-04-16
72,2015-04-17
73,2015-04-20
74,2015-04-21
75,2015-04-22
76,2015-04-23
77,2015-04-24
78,2015-04-27
79,2015-04-28
80,2015-04-29
81,2015-04-30
82,2015-05-01
83,2015-05-04
84,2015-05-05
85,2015-05-06
86,2015-05-07
87,2015-05-08
88,2015-05-11
89,2015-05-12
90,2015-05-13
91,2015-05-14
92,2015-05-15
93,2015-05-18
94,2015-05-19
95,2015-05-20
96,2015-05-21
97,2015-05-22
98,2015-05-26
99,2015-05-27
100,2015-05-28
101,2015-05-29
102,2015-06-01
103,2015-06-02
104,2015-06-03
105,2015-06-04
106,2015-06-05
107,2015-06-08
108,2015-06-09
109,2015-06-10
110,2015-06-11
111,2015-06-12
112,2015-06-15
113,2015-06-16
114,2015-06-17
115,2015-06-18
116,2015-06-19
117,2015-06-22
118,2015-06-23
119,2015-06-24
120,2015-06-25
121,2015-06-26
122,2015-06-29
123,2015-06-30
124,2015-07-01
125,2015-07-02
126,2015-07-06
127,2015-07-07
128,2015-07-08
129,2015-07-09
130,2015-07-10
131,2015-07-13
132,2015-07-14
133,2015-07-15
134,2015-07-16
135,2015-07-17
136,2015-07-20
137,2015-07-21
138,2015-07-22
139,2015-07-23
140,2015-07-24
141,2015-07-27
142,2015-07-28
143,2015-07-29
144,2015-07-30
145,2015-07-31
146,2015-08-03
147,2015-08-04
148,2015-08-05
149,2015-08-06
150,2015-08-07
151,2015-08-10
152,2015-08-11
153,2015-08-12
154,2015-08-13
155,2015-08-14
156,2015-08-17
157,2015-08-18
158,2015-08-19
159,2015-08-20
160,2015-08-21
161,2015-08-24
162,2015-08-25
163,2015-08-26
164,2015-08-27
165,2015-08-28
166,2015-08-31
167,2015-09-01
168,2015-09-02
169,2015-09-03
170,2015-09-04
171,2015-09-08
172,2015-09-09
173,2015-09-10
174,2015-09-11
175,2015-09-14
176,2015-09-15
177,2015-09-16
178,2015-09-17
179,2015-09-18
180,2015-09-21
181,2015-09-22
182,2015-09-23
183,2015-09-24
184,2015-09-25
185,2015-09-28
186,2015-09-29
187,2015-09-30
188,2015-10-01
189,2015-10-02
190,2015-10-05
191,2015-10-06
192,2015-10-07
193,2015-10-08
194,2015-10-09
195,2015-10-12
196,2015-10-13
197,2015-10-14
198,2015-10-15
199,2015-10-16
200,2015-10-19
201,2015-10-20
202,2015-10-21
203,2015-10-22
204,2015-10-23
205,2015-10-26
206,2015-10-27
207,2015-10-28
208,2015-10-29
209,2015-10-30
210,2015-11-02
211,2015-11-03
212,2015-11-04
213,2015-11-05
214,2015-11-06
215,2015-11-09
216,2015-11-10
217,2015-11-11
218,2015-11-12
219,2015-11-13
220,2015-11-16
221,2015-11-17
222,2015-11-18
223,2015-11-19
224,2015-11-20
225,2015-11-23
226,2015-11-24
227,2015-11-25
228,2015-11-27
229,2015-11-30
230,2015-12-01
231,2015-12-02
232,2015-12-03
233,2015-12-04
234,2015-12-07
235,2015-12-08
236,2015-12-09
237,2015-12-10
238,2015-12-11
239,2015-12-14
240,2015-12-15
241,2015-12-16
242,2015-12-17
243,2015-12-18
244,2015-12-21
245,2015-12-22
246,2015-12-23
247,2015-12-24
248,2015-12-28
249,2015-12-29
250,2015-12-30
251,2015-12-31
252,2016-01-04
253,2016-01-05
254,2016-01-06
255,2016-01-07
256,2016-01-08
257,2016-01-11
258,2016-01-12
259,2016-01-13
260,2016-01-14
261,2016-01-15
262,2016-01-19
263,2016-01-20
264,2016-01-21
265,2016-01-22
266,2016-01-25
267,2016-01-26
268,2016-01-27
269,2016-01-28
270,2016-01-29
271,2016-02-01
272,2016-02-02
273,2016-02-03
274,2016-02-04
275,2016-02-05
276,2016-02-08
277,2016-02-09
278,2016-02-10
279,2016-02-11
280,2016-02-12
281,2016-02-16
282,2016-02-17
283,2016-02-18
284,2016-02-19
285,2016-02-22
286,2016-02-23
287,2016-02-24
288,2016-02-25
289,2016-02-26
290,2016-02-29
291,2016-03-01
292,2016-03-02
293,2016-03-03
294,2016-03-04
295,2016-03-07
296,2016-03-08
297,2016-03-09
298,2016-03-10
299,2016-03-11
300,2016-03-14
301,2016-03-15
302,2016-03-16
303,2016-03-17
304,2016-03-18
305,2016-03-21
306,2016-03-22
307,2016-03-23
308,2016-03-24
309,2016-03-28
310,2016-03-29
311,2016-03-30
312,2016-03-31
313,2016-04-01
314,2016-04-04
315,2016-04-05
316,2016-04-06
317,2016-04-07
318,2016-04-08
319,2016-04-11
320,2016-04-12
321,2016-04-13
322,2016-04-14
323,2016-04-15
324,2016-04-18
325,2016-04-19
326,2016-04-20
327,2016-04-21
328,2016-04-22
329,2016-04-25
330,2016-04-26
331,2016-04-27
332,2016-04-28
333,2016-04-29
334,2016-05-02
335,2016-05-03
336,2016-05-04
337,2016-05-05
338,2016-05-06
339,2016-05-09
340,2016-05-10
341,2016-05-11
342,2016-05-12
343,2016-05-13
344,2016-05-16
345,2016-05-17
346,2016-05-18
347,2016-05-19
348,2016-05-20
349,2016-05-23
350,2016-05-24
351,2016-05-25
352,2016-05-26
353,2016-05-27
354,2016-05-31
355,2016-06-01
356,2016-06-02
357,2016-06-03
358,2016-06-06
359,2016-06-07
360,2016-06-08
361,2016-06-09
362,2016-06-10
363,2016-06-13
364,2016-06-14
365,2016-06-15
366,2016-06-16
367,2016-06-17
368,2016-06-20
369,2016-06-21
370,2016-06-22
371,2016-06-23
372,2016-06-24
373,2016-06-27
374,2016-06-28
375,2016-06-29
376,2016-06-30
377,2016-07-01
378,2016-07-05
379,2016-07-06
380,2016-07-07
381,2016-07-08
382,2016-07-11
383,2016-07-12
384,2016-07-13
385,2016-07-14
386,2016-07-15
387,2016-07-18
388,2016-07-19
389,2016-07-20
390,2016-07-21
391,2016-07-22
392,2016-07-25
393,2016-07-26
394,2016-07-27
395,2016-07-28
396,2016-07-29
397,2016-08-01
398,2016-08-02
399,2016-08-03
400,2016-08-04
401,2016-08-05
402,2016-08-08
403,2016-08-09
404,2016-08-10
405,2016-08-11
406,2016-08-12
407,2016-08-15
408,2016-08-16
409,2016-08-17
410,2016-08-18
411,2016-08-19
412,2016-08-22
413,2016-08-23
414,2016-08-24
415,2016-08-25
416,2016-08-26
417,2016-08-29
418,2016-08-30
419,2016-08-31
420,2016-09-01
421,2016-09-02
422,2016-09-06
423,2016-09-07
424,2016-09-08
425,2016-09-09
426,2016-09-12
427,2016-09-13
428,2016-09-14
429,2016-09-15
430,2016-09-16
431,2016-09-19
432,2016-09-20
433,2016-09-21
434,2016-09-22
435,2016-09-23
436,2016-09-26
437,2016-09-27
438,2016-09-28
439,2016-09-29
440,2016-09-30
441,2016-10-03
442,2016-10-04
443,2016-10-05
444,2016-10-06
445,2016-10-07
446,2016-10-10
447,2016-10-11
448,2016-10-12
449,2016-10-13
450,2016-10-14
451,2016-10-17
452,2016-10-18
453,2016-10-19
454,2016-10-20
455,2016-10-21
456,2016-10-24
457,2016-10-25
458,2016-10-26
459,2016-10-27
460,2016-10-28
461,2016-10-31
462,2016-11-01
463,2016-11-02
464,2016-11-03
465,2016-11-04
466,2016-11-07
467,2016-11-08
468,2016-11-09
469,2016-11-10
470,2016-11-11
471,2016-11-14
472,2016-11-15
473,2016-11-16
474,2016-11-17
475,2016-11-18
476,2016-11-21
477,2016-11-22
478,2016-11-23
479,2016-11-25
480,2016-11-28
481,2016-11-29
482,2016-11-30
483,2016-12-01
484,2016-12-02
485,2016-12-05
486,2016-12-06
487,2016-12-07
488,2016-12-08
489,2016-12-09
490,2016-12-12
491,2016-12-13
492,2016-12-14
493,2016-12-15
494,2016-12-16
495,2016-12-19
496,2016-12-20
497,2016-12-21
498,2016-12-22
499,2016-12-23
500,2016-12-27
501,2016-12-28
502,2016-12-29
503,2016-12-30
504,2017-01-03
505,2017-01-04
506,2017-01-05
507,2017-01-06
508,2017-01-09
509,2017-01-10
510,2017-01-11
511,2017-01-12
512,2017-01-13
513,2017-01-17
514,2017-01-18
515,2017-01-19
516,2017-01-20
517,2017-01-23
518,2017-01-24
519,2017-01-25
520,2017-01-26
521,2017-01-27
522,2017-01-30
523,2017-01-31
524,2017-02-01
525,2017-02-02
526,2017-02-03
527,2017-02-06
528,2017-02-07
529,2017-02-08
530,2017-02-09
531,2017-02-10
532,2017-02-13
533,2017-02-14
534,2017-02-15
535,2017-02-16
536,2017-02-17
537,2017-02-21
538,2017-02-22
539,2017-02-23
540,2017-02-24
541,2017-02-27
542,2017-02-28
543,2017-03-01
544,2017-03-02
545,2017-03-03
546,2017-03-06
547,2017-03-07
548,2017-03-08
549,2017-03-09
550,2017-03-10
551,2017-03-13
552,2017-03-14
553,2017-03-15
554,2017-03-16
555,2017-03-17
556,2017-03-20
557,2017-03-21
558,2017-03-22
559,2017-03-23
560,2017-03-24
561,2017-03-27
562,2017-03-28
563,2017-03-29
564,2017-03-30
565,2017-03-31
566,2017-04-03
567,2017-04-04
568,2017-04-05
569,2017-04-06
570,2017-04-07
571,2017-04-10
572,2017-04-11
573,2017-04-12
574,2017-04-13
575,2017-04-17
576,2017-04-18
577,2017-04-19
578,2017-04-20
579,2017-04-21
580,2017-04-24
581,2017-04-25
582,2017-04-26
583,2017-04-27
584,2017-04-28
585,2017-05-01
586,2017-05-02
587,2017-05-03
588,2017-05-04
589,2017-05-05
590,2017-05-08
591,2017-05-09
592,2017-05-10
593,2017-05-11
594,2017-05-12
595,2017-05-15
596,2017-05-16
597,2017-05-17
598,2017-05-18
599,2017-05-19
600,2017-05-22
601,2017-05-23
602,2017-05-24
603,2017-05-25
604,2017-05-26
605,2017-05-30
606,2017-05-31
607,2017-06-01
608,2017-06-02
609,2017-06-05
610,2017-06-06
611,2017-06-07
612,2017-06-08
613,2017-06-09
614,2017-06-12
615,2017-06-13
616,2017-06-14
617,2017-06-15
618,2017-06-16
619,2017-06-19
620,2017-06-20
621,2017-06-21
622,2017-06-22
623,2017-06-23
624,2017-06-26
625,2017-06-27
626,2017-06-28
627,2017-06-29
628,2017-06-30
629,2017-07-03
630,2017-07-05
631,2017-07-06
632,2017-07-07
633,2017-07-10
634,2017-07-11
635,2017-07-12
636,2017-07-13
637,2017-07-14
638,2017-07-17
639,2017-07-18
640,2017-07-19
641,2017-07-20
642,2017-07-21
643,2017-07-24
644,2017-07-25
645,2017-07-26
646,2017-07-27
647,2017-07-28
648,2017-07-31
649,2017-08-01
650,2017-08-02
651,2017-08-03
652,2017-08-04
653,2017-08-07
654,2017-08-08
655,2017-08-09
656,2017-08-10
657,2017-08-11
658,2017-08-14
659,2017-08-15
660,2017-08-16
661,2017-08-17
662,2017-08-18
663,2017-08-21
664,2017-08-22
665,2017-08-23
666,2017-08-24
667,2017-08-25
668,2017-08-28
669,2017-08-29
670,2017-08-30
671,2017-08-31
672,2017-09-01
673,2017-09-05
674,2017-09-06
675,2017-09-07
676,2017-09-08
677,2017-09-11
678,2017-09-12
679,2017-09-13
680,2017-09-14
681,2017-09-15
682,2017-09-18
683,2017-09-19
684,2017-09-20
685,2017-09-21
686,2017-09-22
687,2017-09-25
688,2017-09-26
689,2017-09-27
690,2017-09-28
691,2017-09-29
692,2017-10-02
693,2017-10-03
694,2017-10-04
695,2017-10-05
696,2017-10-06
697,2017-10-09
698,2017-10-10
699,2017-10-11
700,2017-10-12
701,2017-10-13
702,2017-10-16
703,2017-10-17
704,2017-10-18
705,2017-10-19
706,2017-10-20
707,2017-10-23
708,2017-10-24
709,2017-10-25
710,2017-10-26
711,2017-10-27
712,2017-10-30
713,2017-10-31
714,2017-11-01
715,2017-11-02
716,2017-11-03
717,2017-11-06
718,2017-11-07
719,2017-11-08
720,2017-11-09
721,2017-11-10
722,2017-11-13
723,2017-11-14
724,2017-11-15
725,2017-11-16
726,2017-11-17
727,2017-11-20
728,2017-11-21
729,2017-11-22
730,2017-11-24
731,2017-11-27
732,2017-11-28
733,2017-11-29
734,2017-11-30
735,2017-12-01
736,2017-12-04
737,2017-12-05
738,2017-12-06
739,2017-12-07
740,2017-12-08
741,2017-12-11
742,2017-12-12
743,2017-12-13
744,2017-12-14
745,2017-12-15
746,2017-12-18
747,2017-12-19
748,2017-12-20
749,2017-12-21
750,2017-12-22
751,2017-12-26
752,2017-12-27
753,2017-12-28
754,2017-12-29
755,2018-01-02
756,2018-01-03
757,2018-01-04
758,2018-01-05
759,2018-01-08
760,2018-01-09
761,2018-01-10
762,2018-01-11
763,2018-01-12
764,2018-01-16
765,2018-01-17
766,2018-01-18
767,2018-01-19
768,2018-01-22
769,2018-01-23
770,2018-01-24
771,2018-01-25
772,2018-01-26
773,2018-01-29
774,2018-01-30
775,2018-01-31
776,2018-02-01
777,2018-02-02
778,2018-02-05
779,2018-02-06
780,2018-02-07
781,2018-02-08
782,2018-02-09
783,2018-02-12
784,2018-02-13
785,2018-02-14
786,2018-02-15
787,2018-02-16
788,2018-02-20
789,2018-02-21
790,2018-02-22
791,2018-02-23
792,2018-02-26
793,2018-02-27
794,2018-02-28
795,2018-03-01
796,2018-03-02
797,2018-03-05
798,2018-03-06
799,2018-03-07
800,2018-03-08
801,2018-03-09
802,2018-03-12
803,2018-03-13
804,2018-03-14
805,2018-03-15
806,2018-03-16
807,2018-03-19
808,2018-03-20
809,2018-03-21
810,2018-03-22
811,2018-03-23
812,2018-03-26
813,2018-03-27
814,2018-03-28
815,2018-03-29
816,2018-04-02
817,2018-04-03
818,2018-04-04
819,2018-04-05
820,2018-04-06
821,2018-04-09
822,2018-04-10
823,2018-04-11
824,2018-04-12
825,2018-04-13
826,2018-04-16
827,2018-04-17
828,2018-04-18
829,2018-04-19
830,2018-04-20
831,2018-04-23
832,2018-04-24
833,2018-04-25
834,2018-04-26
835,2018-04-27
836,2018-04-30
837,2018-05-01
838,2018-05-02
839,2018-05-03
840,2018-05-04
841,2018-05-07
842,2018-05-08
843,2018-05-09
844,2018-05-10
845,2018-05-11
846,2018-05-14
847,2018-05-15
848,2018-05-16
849,2018-05-17
850,2018-05-18
851,2018-05-21
852,2018-05-22
853,2018-05-23
854,2018-05-24
855,2018-05-25
856,2018-05-29
857,2018-05-30
858,2018-05-31
859,2018-06-01
860,2018-06-04
861,2018-06-05
862,2018-06-06
863,2018-06-07
864,2018-06-08
865,2018-06-11
866,2018-06-12
867,2018-06-13
868,2018-06-14
869,2018-06-15
870,2018-06-18
871,2018-06-19
872,2018-06-20
873,2018-06-21
874,2018-06-22
875,2018-06-25
876,2018-06-26
877,2018-06-27
878,2018-06-28
879,2018-06-29
880,2018-07-02
881,2018-07-03
882,2018-07-05
883,2018-07-06
884,2018-07-09
885,2018-07-10
886,2018-07-11
887,2018-07-12
888,2018-07-13
889,2018-07-16
890,2018-07-17
891,2018-07-18
892,2018-07-19
893,2018-07-20
894,2018-07-23
895,2018-07-24
896,2018-07-25
897,2018-07-26
898,2018-07-27
899,2018-07-30
900,2018-07-31
901,2018-08-01
902,2018-08-02
903,2018-08-03
904,2018-08-06
905,2018-08-07
906,2018-08-08
907,2018-08-09
908,2018-08-10
909,2018-08-13
910,2018-08-14
911,2018-08-15
912,2018-08-16
913,2018-08-17
914,2018-08-20
915,2018-08-21
916,2018-08-22
917,2018-08-23
918,2018-08-24
919,2018-08-27
920,2018-08-28
921,2018-08-29
922,2018-08-30
923,2018-08-31
924,2018-09-04
925,2018-09-05
926,2018-09-06
927,2018-09-07
928,2018-09-10
929,2018-09-11
930,2018-09-12
931,2018-09-13
932,2018-09-14
933,2018-09-17
934,2018-09-18
935,2018-09-19
936,2018-09-20
937,2018-09-21
938,2018-09-24
939,2018-09-25
940,2018-09-26
941,2018-09-27
942,2018-09-28
943,2018-10-01
944,2018-10-02
945,2018-10-03
946,2018-10-04
947,2018-10-05
948,2018-10-08
949,2018-10-09
950,2018-10-10
951,2018-10-11
952,2018-10-12
953,2018-10-15
954,2018-10-16
955,2018-10-17
956,2018-10-18
957,2018-10-19
958,2018-10-22
959,2018-10-23
960,2018-10-24
961,2018-10-25
962,2018-10-26
963,2018-10-29
964,2018-10-30
965,2018-10-31
966,2018-11-01
967,2018-11-02
968,2018-11-05
969,2018-11-06
970,2018-11-07
971,2018-11-08
972,2018-11-09
973,2018-11-12
974,2018-11-13
975,2018-11-14
976,2018-11-15
977,2018-11-16
978,2018-11-19
979,2018-11-20
980,2018-11-21
981,2018-11-23
982,2018-11-26
983,2018-11-27
984,2018-11-28
985,2018-11-29
986,2018-11-30
987,2018-12-03
988,2018-12-04
989,2018-12-06
990,2018-12-07
991,2018-12-10
992,2018-12-11
993,2018-12-12
994,2018-12-13
995,2018-12-14
996,2018-12-17
997,2018-12-18
998,2018-12-19
999,2018-12-20
1000,2018-12-21
1001,2018-12-24
1002,2018-12-26
1003,2018-12-27
1004,2018-12-28
1005,2018-12-31
1006,2019-01-02
1007,2019-01-03
1008,2019-01-04
1009,2019-01-07
1010,2019-01-08
1011,2019-01-09
1012,2019-01-10
1013,2019-01-11
1014,2019-01-14
1015,2019-01-15
1016,2019-01-16
1017,2019-01-17
1018,2019-01-18
1019,2019-01-22
1020,2019-01-23
1021,2019-01-24
1022,2019-01-25
1023,2019-01-28
1024,2019-01-29
1025,2019-01-30
1026,2019-01-31
1027,2019-02-01
1028,2019-02-04
1029,2019-02-05
1030,2019-02-06
1031,2019-02-07
1032,2019-02-08
1033,2019-02-11
1034,2019-02-12
1035,2019-02-13
1036,2019-02-14
1037,2019-02-15
1038,2019-02-19
1039,2019-02-20
1040,2019-02-21
1041,2019-02-22
1042,2019-02-25
1043,2019-02-26
1044,2019-02-27
1045,2019-02-28
1046,2019-03-01
1047,2019-03-04
1048,2019-03-05
1049,2019-03-06
1050,2019-03-07
1051,2019-03-08
1052,2019-03-11
1053,2019-03-12
1054,2019-03-13
1055,2019-03-14
1056,2019-03-15
1057,2019-03-18
1058,2019-03-19
1059,2019-03-20
1060,2019-03-21
1061,2019-03-22
1062,2019-03-25
1063,2019-03-26
1064,2019-03-27
1065,2019-03-28
1066,2019-03-29
1067,2019-04-01
1068,2019-04-02
1069,2019-04-03
1070,2019-04-04
1071,2019-04-05
1072,2019-04-08
1073,2019-04-09
1074,2019-04-10
1075,2019-04-11
1076,2019-04-12
1077,2019-04-15
1078,2019-04-16
1079,2019-04-17
1080,2019-04-18
1081,2019-04-22
1082,2019-04-23
1083,2019-04-24
1084,2019-04-25
1085,2019-04-26
1086,2019-04-29
1087,2019-04-30
1088,2019-05-01
1089,2019-05-02
1090,2019-05-03
1091,2019-05-06
1092,2019-05-07
1093,2019-05-08
1094,2019-05-09
1095,2019-05-10
1096,2019-05-13
1097,2019-05-14
1098,2019-05-15
1099,2019-05-16
1100,2019-05-17
1101,2019-05-20
1102,2019-05-21
1103,2019-05-22
1104,2019-05-23
1105,2019-05-24
1106,2019-05-28
1107,2019-05-29
1108,2019-05-30
1109,2019-05-31
1110,2019-06-03
1111,2019-06-04
1112,2019-06-05
1113,2019-06-06
1114,2019-06-07
1115,2019-06-10
1116,2019-06-11
1117,2019-06-12
1118,2019-06-13
1119,2019-06-14
1120,2019-06-17
1121,2019-06-18
1122,2019-06-19
1123,2019-06-20
1124,2019-06-21
1125,2019-06-24
1126,2019-06-25
1127,2019-06-26
1128,2019-06-27
1129,2019-06-28
1130,2019-07-01
1131,2019-07-02
1132,2019-07-03
1133,2019-07-05
1134,2019-07-08
1135,2019-07-09
1136,2019-07-10
1137,2019-07-11
1138,2019-07-12
1139,2019-07-15
1140,2019-07-16
1141,2019-07-17
1142,2019-07-18
1143,2019-07-19
1144,2019-07-22
1145,2019-07-23
1146,2019-07-24
1147,2019-07-25
1148,2019-07-26
1149,2019-07-29
1150,2019-07-30
1151,2019-07-31
1152,2019-08-01
1153,2019-08-02
1154,2019-08-05
1155,2019-08-06
1156,2019-08-07
1157,2019-08-08
1158,2019-08-09
1159,2019-08-12
1160,2019-08-13
1161,2019-08-14
1162,2019-08-15
1163,2019-08-16
1164,2019-08-19
1165,2019-08-20
1166,2019-08-21
1167,2019-08-22
1168,2019-08-23
1169,2019-08-26
1170,2019-08-27
1171,2019-08-28
1172,2019-08-29
1173,2019-08-30
1174,2019-09-03
1175,2019-09-04
1176,2019-09-05
1177,2019-09-06
1178,2019-09-09
1179,2019-09-10
1180,2019-09-11
1181,2019-09-12
1182,2019-09-13
1183,2019-09-16
1184,2019-09-17
1185,2019-09-18
1186,2019-09-19
1187,2019-09-20
1188,2019-09-23
1189,2019-09-24
1190,2019-09-25
1191,2019-09-26
1192,2019-09-27
1193,2019-09-30
1194,2019-10-01
1195,2019-10-02
1196,2019-10-03
1197,2019-10-04
1198,2019-10-07
1199,2019-10-08
1200,2019-10-09
1201,2019-10-10
1202,2019-10-11
1203,2019-10-14
1204,2019-10-15
1205,2019-10-16
1206,2019-10-17
1207,2019-10-18
1208,2019-10-21
1209,2019-10-22
1210,2019-10-23
1211,2019-10-24
1212,2019-10-25
1213,2019-10-28
1214,2019-10-29
1215,2019-10-30
1216,2019-10-31
1217,2019-11-01
1218,2019-11-04
1219,2019-11-05
1220,2019-11-06
1221,2019-11-07
1222,2019-11-08
1223,2019-11-11
1224,2019-11-12
1225,2019-11-13
1226,2019-11-14
1227,2019-11-15
1228,2019-11-18
1229,2019-11-19
1230,2019-11-20
1231,2019-11-21
1232,2019-11-22
1233,2019-11-25
1234,2019-11-26
1235,2019-11-27
1236,2019-11-29
1237,2019-12-02
1238,2019-12-03
1239,2019-12-04
1240,2019-12-05
1241,2019-12-06
1242,2019-12-09
1243,2019-12-10
1244,2019-12-11
1245,2019-12-12
1246,2019-12-13
1247,2019-12-16
1248,2019-12-17
1249,2019-12-18
1250,2019-12-19
1251,2019-12-20
1252,2019-12-23
1253,2019-12-24
1254,2019-12-26
1255,2019-12-27
1256,2019-12-30
1257,2019-12-31
1258,2020-01-02
1259,2020-01-03
1260,2020-01-06
1261,2020-01-07
1262,2020-01-08
1263,2020-01-09
1264,2020-01-10
1265,2020-01-13
1266,2020-01-14
1267,2020-01-15
1268,2020-01-16
1269,2020-01-17
1270,2020-01-21
1271,2020-01-22
1272,2020-01-23
1273,2020-01-24
1274,2020-01-27
1275,2020-01-28
1276,2020-01-29
1277,2020-01-30
1278,2020-01-31
1279,2020-02-03
1280,2020-02-04
1281,2020-02-05
1282,2020-02-06
1283,2020-02-07
1284,2020-02-10
1285,2020-02-11
1286,2020-02-12
1287,2020-02-13
1288,2020-02-14
1289,2020-02-18
1290,2020-02-19
1291,2020-02-20
1292,2020-02-21
1293,2020-02-24
1294,2020-02-25
1295,2020-02-26
1296,2020-02-27
1297,2020-02-28
1298,2020-03-02
1299,2020-03-03
1300,2020-03-04
1301,2020-03-05
1302,2020-03-06
1303,2020-03-09
1304,2020-03-10
1305,2020-03-11
1306,2020-03-12
1307,2020-03-13
1308,2020-03-16
1309,2020-03-17
1310,2020-03-18
1311,2020-03-19
1312,2020-03-20
1313,2020-03-23
1314,2020-03-24
1315,2020-03-25
1316,2020-03-26
1317,2020-03-27
1318,2020-03-30
1319,2020-03-31
1320,2020-04-01
1321,2020-04-02
1322,2020-04-03
1323,2020-04-06
1324,2020-04-07
1325,2020-04-08
1326,2020-04-09
1327,2020-04-13
1328,2020-04-14
1329,2020-04-15
1330,2020-04-16
1331,2020-04-17
1332,2020-04-20
1333,2020-04-21
1334,2020-04-22
1335,2020-04-23
1336,2020-04-24
1337,2020-04-27
1338,2020-04-28
1339,2020-04-29
1340,2020-04-30
1341,2020-05-01
1342,2020-05-04
1343,2020-05-05
1344,2020-05-06
1345,2020-05-07
1346,2020-05-08
1347,2020-05-11
1348,2020-05-12
1349,2020-05-13
1350,2020-05-14
1351,2020-05-15
1352,2020-05-18
1353,2020-05-19
1354,2020-05-20
1355,2020-05-21
1356,2020-05-22
1357,2020-05-26
1358,2020-05-27
1359,2020-05-28
1360,2020-05-29
1361,2020-06-01
1362,2020-06-02
1363,2020-06-03
1364,2020-06-04
1365,2020-06-05
1366,2020-06-08
1367,2020-06-09
1368,2020-06-10
1369,2020-06-11
1370,2020-06-12
1371,2020-06-15
1372,2020-06-16
1373,2020-06-17
1374,2020-06-18
1375,2020-06-19
1376,2020-06-22
1377,2020-06-23
1378,2020-06-24
1379,2020-06-25
1380,2020-06-26
1381,2020-06-29
1382,2020-06-30
1383,2020-07-01
1384,2020-07-02
1385,2020-07-06
1386,2020-07-07
1387,2020-07-08
1388,2020-07-09
1389,2020-07-10
1390,2020-07-13
1391,2020-07-14
1392,2020-07-15
1393,2020-07-16
1394,2020-07-17
1395,2020-07-20
1396,2020-07-21
1397,2020-07-22
1398,2020-07-23
1399,2020-07-24
1400,2020-07-27
1401,2020-07-28
1402,2020-07-29
1403,2020-07-30
1404,2020-07-31
1405,2020-08-03
1406,2020-08-04
1407,2020-08-05
1408,2020-08-06
1409,2020-08-07
1410,2020-08-10
1411,2020-08-11
1412,2020-08-12
1413,2020-08-13
1414,2020-08-14
1415,2020-08-17
1416,2020-08-18
1417,2020-08-19
1418,2020-08-20
1419,2020-08-21
1420,2020-08-24
1421,2020-08-25
1422,2020-08-26
1423,2020-08-27
1424,2020-08-28
1425,2020-08-31
1426,2020-09-01
1427,2020-09-02
1428,2020-09-03
1429,2020-09-04
1430,2020-09-08
1431,2020-09-09
1432,2020-09-10
1433,2020-09-11
1434,2020-09-14
1435,2020-09-15
1436,2020-09-16
1437,2020-09-17
1438,2020-09-18
1439,2020-09-21
1440,2020-09-22
1441,2020-09-23
1442,2020-09-24
1443,2020-09-25
1444,2020-09-28
1445,2020-09-29
1446,2020-09-30
1447,2020-10-01
1448,2020-10-02
1449,2020-10-05
1450,2020-10-06
1451,2020-10-07
1452,2020-10-08
1453,2020-10-09
1454,2020-10-12
1455,2020-10-13
1456,2020-10-14
1457,2020-10-15
1458,2020-10-16
1459,2020-10-19
1460,2020-10-20
1461,2020-10-21
1462,2020-10-22
1463,2020-10-23
1464,2020-10-26
1465,2020-10-27
1466,2020-10-28
1467,2020-10-29
1468,2020-10-30
1469,2020-11-02
1470,2020-11-03
1471,2020-11-04
1472,2020-11-05
1473,2020-11-06
1474,2020-11-09
1475,2020-11-10
1476,2020-11-11
1477,2020-11-12
1478,2020-11-13
1479,2020-11-16
1480,2020-11-17
1481,2020-11-18
1482,2020-11-19
1483,2020-11-20
1484,2020-11-23
1485,2020-11-24
1486,2020-11-25
1487,2020-11-27
1488,2020-11-30
1489,2020-12-01
1490,2020-12-02
1491,2020-12-03
1492,2020-12-04
1493,2020-12-07
1494,2020-12-08
1495,2020-12-09
1496,2020-12-10
1497,2020-12-11
1498,2020-12-14
1499,2020-12-15
1500,2020-12-16
1501,2020-12-17
1502,2020-12-18
1503,2020-12-21
1504,2020-12-22
1505,2020-12-23
1506,2020-12-24
1507,2020-12-28
1508,2020-12-29
1509,2020-12-30
1510,2020-12-31
1511,2021-01-04
1512,2021-01-05
1513,2021-01-06
1514,2021-01-07
1515,2021-01-08
1516,2021-01-11
1517,2021-01-12
1518,2021-01-13
1519,2021-01-14
1520,2021-01-15
1521,2021-01-19
1522,2021-01-20
1523,2021-01-21
1524,2021-01-22
1525,2021-01-25
1526,2021-01-26
1527,2021-01-27
1528,2021-01-28
1529,2021-01-29
1530,2021-02-01
1531,2021-02-02
1532,2021-02-03
1533,2021-02-04
1534,2021-02-05
1535,2021-02-08
1536,2021-02-09
1537,2021-02-10
1538,2021-02-11
1539,2021-02-12
1540,2021-02-16
1541,2021-02-17
1542,2021-02-18
1543,2021-02-19
1544,2021-02-22
1545,2021-02-23
1546,2021-02-24
1547,2021-02-25
1548,2021-02-26
1549,2021-03-01
1550,2021-03-02
1551,2021-03-03
1552,2021-03-04
1553,2021-03-05
1554,2021-03-08
1555,2021-03-09
1556,2021-03-10
1557,2021-03-11
1558,2021-03-12
1559,2021-03-15
1560,2021-03-16
1561,2021-03-17
1562,2021-03-18
1563,2021-03-19
1564,2021-03-22
1565,2021-03-23
1566,2021-03-24
1567,2021-03-25
1568,2021-03-26
1569,2021-03-29
1570,2021-03-30
1571,2021-03-31
1572,2021-04-01
1573,2021-04-05
1574,2021-04-06
1575,2021-04-07
1576,2021-04-08
1577,2021-04-09
1578,2021-04-12
1579,2021-04-13
1580,2021-04-14
1581,2021-04-15
1582,2021-04-16
1583,2021-04-19
1584,2021-04-20
1585,2021-04-21
1586,2021-04-22
1587,2021-04-23
1588,2021-04-26
1589,2021-04-27
1590,2021-04-28
1591,2021-04-29
1592,2021-04-30
1593,2021-05-03
1594,2021-05-04
1595,2021-05-05
1596,2021-05-06
1597,2021-05-07
1598,2021-05-10
1599,2021-05-11
1600,2021-05-12
1601,2021-05-13
1602,2021-05-14
1603,2021-05-17
1604,2021-05-18
1605,2021-05-19
1606,2021-05-20
1607,2021-05-21
1608,2021-05-24
1609,2021-05-25
1610,2021-05-26
1611,2021-05-27
1612,2021-05-28
1613,2021-06-01
1614,2021-06-02
1615,2021-06-03
1616,2021-06-04
1617,2021-06-07
1618,2021-06-08
1619,2021-06-09
1620,2021-06-10
1621,2021-06-11
1622,2021-06-14
1623,2021-06-15
1624,2021-06-16
1625,2021-06-17
1626,2021-06-18
1627,2021-06-21
1628,2021-06-22
1629,2021-06-23
1630,2021-06-24
1631,2021-06-25
1632,2021-06-28
1633,2021-06-29
1634,2021-06-30
1635,2021-07-01
1636,2021-07-02
1637,2021-07-06
1638,2021-07-07
1639,2021-07-08
1640,2021-07-09
1641,2021-07-12
1642,2021-07-13
1643,2021-07-14
1644,2021-07-15
1645,2021-07-16
1646,2021-07-19
1647,2021-07-20
1648,2021-07-21
1649,2021-07-22
1650,2021-07-23
1651,2021-07-26
1652,2021-07-27
1653,2021-07-28
1654,2021-07-29
1655,2021-07-30
1656,2021-08-02
1657,2021-08-03
1658,2021-08-04
1659,2021-08-05
1660,2021-08-06
1661,2021-08-09
1662,2021-08-10
1663,2021-08-11
1664,2021-08-12
1665,2021-08-13
1666,2021-08-16
1667,2021-08-17
1668,2021-08-18
1669,2021-08-19
1670,2021-08-20
1671,2021-08-23
1672,2021-08-24
1673,2021-08-25
1674,2021-08-26
1675,2021-08-27
1676,2021-08-30
1677,2021-08-31
1678,2021-09-01
1679,2021-09-02
1680,2021-09-03
1681,2021-09-07
1682,2021-09-08
1683,2021-09-09
1684,2021-09-10
1685,2021-09-13
1686,2021-09-14
1687,2021-09-15
1688,2021-09-16
1689,2021-09-17
1690,2021-09-20
1691,2021-09-21
1692,2021-09-22
1693,2021-09-23
1694,2021-09-24
1695,2021-09-27
1696,2021-09-28
1697,2021-09-29
1698,2021-09-30
1699,2021-10-01
1700,2021-10-04
1701,2021-10-05
1702,2021-10-06
1703,2021-10-07
1704,2021-10-08
1705,2021-10-11
1706,2021-10-12
1707,2021-10-13
1708,2021-10-14
1709,2021-10-15
1710,2021-10-18
1711,2021-10-19
1712,2021-10-20
1713,2021-10-21
1714,2021-10-22
1715,2021-10-25
1716,2021-10-26
1717,2021-10-27
1718,2021-10-28
1719,2021-10-29
1720,2021-11-01
1721,2021-11-02
1722,2021-11-03
1723,2021-11-04
1724,2021-11-05
1725,2021-11-08
1726,2021-11-09
1727,2021-11-10
1728,2021-11-11
1729,2021-11-12
1730,2021-11-15
1731,2021-11-16
1732,2021-11-17
1733,2021-11-18
1734,2021-11-19
1735,2021-11-22
1736,2021-11-23
1737,2021-11-24
1738,2021-11-26
1739,2021-11-29
1740,2021-11-30
1741,2021-12-01
1742,2021-12-02
1743,2021-12-03
1744,2021-12-06
1745,2021-12-07
1746,2021-12-08
1747,2021-12-09
1748,2021-12-10
1749,2021-12-13
1750,2021-12-14
1751,2021-12-15
1752,2021-12-16
1753,2021-12-17
1754,2021-12-20
1755,2021-12-21
1756,2021-12-22
1757,2021-12-23
1758,2021-12-27
1759,2021-12-28
1760,2021-12-29
1761,2021-12-30
1762,2021-12-31
1763,2022-01-03
1764,2022-01-04
1765,2022-01-05
1766,2022-01-06
1767,2022-01-07
1768,2022-01-10
1769,2022-01-11
1770,2022-01-12
1771,2022-01-13
1772,2022-01-14
1773,2022-01-18
1774,2022-01-19
1775,2022-01-20
1776,2022-01-21
1777,2022-01-24
1778,2022-01-25
1779,2022-01-26
1780,2022-01-27
1781,2022-01-28
1782,2022-01-31
1783,2022-02-01
1784,2022-02-02
1785,2022-02-03
1786,2022-02-04
1787,2022-02-07
1788,2022-02-08
1789,2022-02-09
1790,2022-02-10
1791,2022-02-11
1792,2022-02-14
1793,2022-02-15
1794,2022-02-16
1795,2022-02-17
1796,2022-02-18
1797,2022-02-22
1798,2022-02-23
1799,2022-02-24
1800,2022-02-25
1801,2022-02-28
1802,2022-03-01
1803,2022-03-02
1804,2022-03-03
1805,2022-03-04
1806,2022-03-07
1807,2022-03-08
1808,2022-03-09
1809,2022-03-10
1810,2022-03-11
1811,2022-03-14
1812,2022-03-15
1813,2022-03-16
1814,2022-03-17
1815,2022-03-18
1816,2022-03-21
1817,2022-03-22
1818,2022-03-23
1819,2022-03-24
1820,2022-03-25
1821,2022-03-28
1822,2022-03-29
1823,2022-03-30
1824,2022-03-31
1825,2022-04-01
1826,2022-04-04
1827,2022-04-05
1828,2022-04-06
1829,2022-04-07
1830,2022-04-08
1831,2022-04-11
1832,2022-04-12
1833,2022-04-13
1834,2022-04-14
1835,2022-04-18
1836,2022-04-19
1837,2022-04-20
1838,2022-04-21
1839,2022-04-22
1840,2022-04-25
1841,2022-04-26
1842,2022-04-27
1843,2022-04-28
1844,2022-04-29
1845,2022-05-02
1846,2022-05-03
1847,2022-05-04
1848,2022-05-05
1849,2022-05-06
1850,2022-05-09
1851,2022-05-10
1852,2022-05-11
1853,2022-05-12
1854,2022-05-13
1855,2022-05-16
1856,2022-05-17
1857,2022-05-18
1858,2022-05-19
1859,2022-05-20
1860,2022-05-23
1861,2022-05-24
1862,2022-05-25
1863,2022-05-26
1864,2022-05-27
1865,2022-05-31
1866,2022-06-01
1867,2022-06-02
1868,2022-06-03
1869,2022-06-06
1870,2022-06-07
1871,2022-06-08
1872,2022-06-09
1873,2022-06-10
1874,2022-06-13
1875,2022-06-14
1876,2022-06-15
1877,2022-06-16
1878,2022-06-17
1879,2022-06-21
1880,2022-06-22
1881,2022-06-23
1882,2022-06-24
1883,2022-06-27
1884,2022-06-28
1885,2022-06-29
1886,2022-06-30
1887,2022-07-01
1888,2022-07-05
1889,2022-07-06
1890,2022-07-07
1891,2022-07-08
1892,2022-07-11
1893,2022-07-12
1894,2022-07-13
1895,2022-07-14
1896,2022-07-15
1897,2022-07-18
1898,2022-07-19
1899,2022-07-20
1900,2022-07-21
1901,2022-07-22
1902,2022-07-25
1903,2022-07-26
1904,2022-07-27
1905,2022-07-28
1906,2022-07-29
1907,2022-08-01
1908,2022-08-02
1909,2022-08-03
1910,2022-08-04
1911,2022-08-05
1912,2022-08-08
1913,2022-08-09
1914,2022-08-10
1915,2022-08-11
1916,2022-08-12
1917,2022-08-15
1918,2022-08-16
1919,2022-08-17
1920,2022-08-18
1921,2022-08-19
1922,2022-08-22
1923,2022-08-23
1924,2022-08-24
1925,2022-08-25
1926,2022-08-26
1927,2022-08-29
1928,2022-08-30
1929,2022-08-31
1930,2022-09-01
1931,2022-09-02
1932,2022-09-06
1933,2022-09-07
1934,2022-09-08
1935,2022-09-09
1936,2022-09-12
1937,2022-09-13
1938,2022-09-14
1939,2022-09-15
1940,2022-09-16
1941,2022-09-19
1942,2022-09-20
1943,2022-09-21
1944,2022-09-22
1945,2022-09-23
1946,2022-09-26
1947,2022-09-27
1948,2022-09-28
1949,2022-09-29
1950,2022-09-30
1951,2022-10-03
1952,2022-10-04
1953,2022-10-05
1954,2022-10-06
1955,2022-10-07
1956,2022-10-10
1957,2022-10-11
1958,2022-10-12
1959,2022-10-13
1960,2022-10-14
1961,2022-10-17
1962,2022-10-18
1963,2022-10-19
1964,2022-10-20
1965,2022-10-21
1966,2022-10-24
1967,2022-10-25
1968,2022-10-26
1969,2022-10-27
1970,2022-10-28
1971,2022-10-31
1972,2022-11-01
1973,2022-11-02
1974,2022-11-03
1975,2022-11-04
1976,2022-11-07
1977,2022-11-08
1978,2022-11-09
1979,2022-11-10
1980,2022-11-11
1981,2022-11-14
1982,2022-11-15
1983,2022-11-16
1984,2022-11-17
1985,2022-11-18
1986,2022-11-21
1987,2022-11-22
1988,2022-11-23
1989,2022-11-25
1990,2022-11-28
1991,2022-11-29
1992,2022-11-30
1993,2022-12-01
1994,2022-12-02
1995,2022-12-05
1996,2022-12-06
1997,2022-12-07
1998,2022-12-08
1999,2022-12-09
2000,2022-12-12
2001,2022-12-13
2002,2022-12-14
2003,2022-12-15
2004,2022-12-16
2005,2022-12-19
2006,2022-12-20
2007,2022-12-21
2008,2022-12-22
2009,2022-12-23
2010,2022-12-27
2011,2022-12-28
2012,2022-12-29
2013,2022-12-30
2014,2023-01-03
2015,2023-01-04
2016,2023-01-05
2017,2023-01-06
2018,2023-01-09
2019,2023-01-10
2020,2023-01-11
2021,2023-01-12
2022,2023-01-13
2023,2023-01-17
2024,2023-01-18
2025,2023-01-19
2026,2023-01-20
2027,2023-01-23
2028,2023-01-24
2029,2023-01-25
2030,2023-01-26
2031,2023-01-27
2032,2023-01-30
2033,2023-01-31
2034,2023-02-01
2035,2023-02-02
2036,2023-02-03
2037,2023-02-06
2038,2023-02-07
2039,2023-02-08
2040,2023-02-09
2041,2023-02-10
2042,2023-02-13
2043,2023-02-14
2044,2023-02-15
2045,2023-02-16
2046,2023-02-17
2047,2023-02-21
2048,2023-02-22
2049,2023-02-23
2050,2023-02-24
2051,2023-02-27
2052,2023-02-28
2053,2023-03-01
2054,2023-03-02
2055,2023-03-03
2056,2023-03-06
2057,2023-03-07
2058,2023-03-08
2059,2023-03-09
2060,2023-03-10
2061,2023-03-13
2062,2023-03-14
2063,2023-03-15
2064,2023-03-16
2065,2023-03-17
2066,2023-03-20
2067,2023-03-21
2068,2023-03-22
2069,2023-03-23
2070,2023-03-24
2071,2023-03-27
2072,2023-03-28
2073,2023-03-29
2074,2023-03-30
2075,2023-03-31
2076,2023-04-03
2077,2023-04-04
2078,2023-04-05
2079,2023-04-06
2080,2023-04-10
2081,2023-04-11
2082,2023-04-12
2083,2023-04-13
2084,2023-04-14
2085,2023-04-17
2086,2023-04-18
2087,2023-04-19
2088,2023-04-20
2089,2023-04-21
2090,2023-04-24
2091,2023-04-25
2092,2023-04-26
2093,2023-04-27
2094,2023-04-28
2095,2023-05-01
2096,2023-05-02
2097,2023-05-03
2098,2023-05-04
2099,2023-05-05
2100,2023-05-08
2101,2023-05-09
2102,2023-05-10
2103,2023-05-11
2104,2023-05-12
2105,2023-05-15
2106,2023-05-16
2107,2023-05-17
2108,2023-05-18
2109,2023-05-19
2110,2023-05-22
2111,2023-05-23
2112,2023-05-24
2113,2023-05-25
2114,2023-05-26
2115,2023-05-30
2116,2023-05-31
2117,2023-06-01
2118,2023-06-02
2119,2023-06-05
2120,2023-06-06
2121,2023-06-07
2122,2023-06-08
2123,2023-06-09
2124,2023-06-12
2125,2023-06-13
2126,2023-06-14
2127,2023-06-15
2128,2023-06-16
2129,2023-06-20
2130,2023-06-21
2131,2023-06-22
2132,2023-06-23
2133,2023-06-26
2134,2023-06-27
2135,2023-06-28
2136,2023-06-29
