,0,1,2,3,4,5,6
0,387.6466675,341.1666565,355.9833374,354.5033264,344.4733276,337.7966614,351.5766602
1,341.1666565,355.9833374,354.5033264,344.4733276,337.7966614,351.5766602,363.0033264
2,355.9833374,354.5033264,344.4733276,337.7966614,351.5766602,363.0033264,365.4599915
3,354.5033264,344.4733276,337.7966614,351.5766602,363.0033264,365.4599915,379.019989
4,344.4733276,337.7966614,351.5766602,363.0033264,365.4599915,379.019989,385.6233215
5,337.7966614,351.5766602,363.0033264,365.4599915,379.019989,385.6233215,369.6766663
6,351.5766602,363.0033264,365.4599915,379.019989,385.6233215,369.6766663,372.0
7,363.0033264,365.4599915,379.019989,385.6233215,369.6766663,372.0,360.6400146
8,365.4599915,379.019989,385.6233215,369.6766663,372.0,360.6400146,378.9966736
9,379.019989,385.6233215,369.6766663,372.0,360.6400146,378.9966736,381.5866699
10,385.6233215,369.6766663,372.0,360.6400146,378.9966736,381.5866699,365.0
11,369.6766663,372.0,360.6400146,378.9966736,381.5866699,365.0,361.5333252
12,372.0,360.6400146,378.9966736,381.5866699,365.0,361.5333252,338.3233337
13,360.6400146,378.9966736,381.5866699,365.0,361.5333252,338.3233337,336.3366699
14,378.9966736,381.5866699,365.0,361.5333252,338.3233337,336.3366699,350.5833435
15,381.5866699,365.0,361.5333252,338.3233337,336.3366699,350.5833435,356.3200073
16,365.0,361.5333252,338.3233337,336.3366699,350.5833435,356.3200073,334.6000061
17,361.5333252,338.3233337,336.3366699,350.5833435,356.3200073,334.6000061,339.0100098
18,338.3233337,336.3366699,350.5833435,356.3200073,334.6000061,339.0100098,322.1366577
19,336.3366699,350.5833435,356.3200073,334.6000061,339.0100098,322.1366577,319.5033264
20,350.5833435,356.3200073,334.6000061,339.0100098,322.1366577,319.5033264,325.3299866
21,356.3200073,334.6000061,339.0100098,322.1366577,319.5033264,325.3299866,308.9733276
22,334.6000061,339.0100098,322.1366577,319.5033264,325.3299866,308.9733276,310.8566589
23,339.0100098,322.1366577,319.5033264,325.3299866,308.9733276,310.8566589,299.980011
24,322.1366577,319.5033264,325.3299866,308.9733276,310.8566589,299.980011,312.8433228
25,319.5033264,325.3299866,308.9733276,310.8566589,299.980011,312.8433228,336.2900085
26,325.3299866,308.9733276,310.8566589,299.980011,312.8433228,336.2900085,355.6666565
27,308.9733276,310.8566589,299.980011,312.8433228,336.2900085,355.6666565,364.6466675
28,310.8566589,299.980011,312.8433228,336.2900085,355.6666565,364.6466675,362.8233337
29,299.980011,312.8433228,336.2900085,355.6666565,364.6466675,362.8233337,362.063324
30,312.8433228,336.2900085,355.6666565,364.6466675,362.8233337,362.063324,356.7799988
31,336.2900085,355.6666565,364.6466675,362.8233337,362.063324,356.7799988,352.2600098
32,355.6666565,364.6466675,362.8233337,362.063324,356.7799988,352.2600098,399.9266663
33,364.6466675,362.8233337,362.063324,356.7799988,352.2600098,399.9266663,383.1966553
34,362.8233337,362.063324,356.7799988,352.2600098,399.9266663,383.1966553,362.706665
35,362.063324,356.7799988,352.2600098,399.9266663,383.1966553,362.706665,354.8999939
36,356.7799988,352.2600098,399.9266663,383.1966553,362.706665,354.8999939,342.3200073
37,352.2600098,399.9266663,383.1966553,362.706665,354.8999939,342.3200073,352.706665
38,399.9266663,383.1966553,362.706665,354.8999939,342.3200073,352.706665,354.7999878
39,383.1966553,362.706665,354.8999939,342.3200073,352.706665,354.7999878,368.7399902
40,362.706665,354.8999939,342.3200073,352.706665,354.7999878,368.7399902,343.8533325
41,354.8999939,342.3200073,352.706665,354.7999878,368.7399902,343.8533325,349.8699951
42,342.3200073,352.706665,354.7999878,368.7399902,343.8533325,349.8699951,343.5033264
43,352.706665,354.7999878,368.7399902,343.8533325,349.8699951,343.5033264,331.8833313
44,354.7999878,368.7399902,343.8533325,349.8699951,343.5033264,331.8833313,332.0899963
45,368.7399902,343.8533325,349.8699951,343.5033264,331.8833313,332.0899963,314.6333313
46,343.8533325,349.8699951,343.5033264,331.8833313,332.0899963,314.6333313,310.0
47,349.8699951,343.5033264,331.8833313,332.0899963,314.6333313,310.0,306.1333313
48,343.5033264,331.8833313,332.0899963,314.6333313,310.0,306.1333313,312.4700012
49,331.8833313,332.0899963,314.6333313,310.0,306.1333313,312.4700012,276.3666687
50,332.0899963,314.6333313,310.0,306.1333313,312.4700012,276.3666687,282.1166687
51,314.6333313,310.0,306.1333313,312.4700012,276.3666687,282.1166687,312.2399902
52,310.0,306.1333313,312.4700012,276.3666687,282.1166687,312.2399902,310.4166565
53,306.1333313,312.4700012,276.3666687,282.1166687,312.2399902,310.4166565,301.8866577
54,312.4700012,276.3666687,282.1166687,312.2399902,310.4166565,301.8866577,297.0466614
55,276.3666687,282.1166687,312.2399902,310.4166565,301.8866577,297.0466614,307.7733459
56,282.1166687,312.2399902,310.4166565,301.8866577,297.0466614,307.7733459,302.4466553
57,312.2399902,310.4166565,301.8866577,297.0466614,307.7733459,302.4466553,307.3333435
58,310.4166565,301.8866577,297.0466614,307.7733459,302.4466553,307.3333435,310.6666565
59,301.8866577,297.0466614,307.7733459,302.4466553,307.3333435,310.6666565,301.5166626
60,297.0466614,307.7733459,302.4466553,307.3333435,310.6666565,301.5166626,286.6666565
61,307.7733459,302.4466553,307.3333435,310.6666565,301.5166626,286.6666565,291.9200134
62,302.4466553,307.3333435,310.6666565,301.5166626,286.6666565,291.9200134,307.4766541
63,307.3333435,310.6666565,301.5166626,286.6666565,291.9200134,307.4766541,307.7966614
64,310.6666565,301.5166626,286.6666565,291.9200134,307.4766541,307.7966614,292.1166687
65,301.5166626,286.6666565,291.9200134,307.4766541,307.7966614,292.1166687,285.6600037
66,286.6666565,291.9200134,307.4766541,307.7966614,292.1166687,285.6600037,273.8433228
67,291.9200134,307.4766541,307.7966614,292.1166687,285.6600037,273.8433228,254.6799927
68,307.4766541,307.7966614,292.1166687,285.6600037,273.8433228,254.6799927,266.9233398
69,307.7966614,292.1166687,285.6600037,273.8433228,254.6799927,266.9233398,269.956665
70,292.1166687,285.6600037,273.8433228,254.6799927,266.9233398,269.956665,290.1433411
71,285.6600037,273.8433228,254.6799927,266.9233398,269.956665,290.1433411,288.1233215
72,273.8433228,254.6799927,266.9233398,269.956665,290.1433411,288.1233215,293.2966614
73,254.6799927,266.9233398,269.956665,290.1433411,288.1233215,293.2966614,279.7633362
74,266.9233398,269.956665,290.1433411,288.1233215,293.2966614,279.7633362,279.4299927
75,269.956665,290.1433411,288.1233215,293.2966614,279.7633362,279.4299927,268.1933289
76,290.1433411,288.1233215,293.2966614,279.7633362,279.4299927,268.1933289,274.7999878
77,288.1233215,293.2966614,279.7633362,279.4299927,268.1933289,274.7999878,286.3233337
78,293.2966614,279.7633362,279.4299927,268.1933289,274.7999878,286.3233337,279.4333191
79,279.7633362,279.4299927,268.1933289,274.7999878,286.3233337,279.4333191,265.1166687
80,279.4299927,268.1933289,274.7999878,286.3233337,279.4333191,265.1166687,255.456665
81,268.1933289,274.7999878,286.3233337,279.4333191,265.1166687,255.456665,267.2966614
82,274.7999878,286.3233337,279.4333191,265.1166687,255.456665,267.2966614,280.0766602
83,286.3233337,279.4333191,265.1166687,255.456665,267.2966614,280.0766602,290.5333252
84,279.4333191,265.1166687,255.456665,267.2966614,280.0766602,290.5333252,301.7966614
85,265.1166687,255.456665,267.2966614,280.0766602,290.5333252,301.7966614,307.0533447
86,255.456665,267.2966614,280.0766602,290.5333252,301.7966614,307.0533447,331.3266602
87,267.2966614,280.0766602,290.5333252,301.7966614,307.0533447,331.3266602,333.0366821
88,280.0766602,290.5333252,301.7966614,307.0533447,331.3266602,333.0366821,337.9733276
89,290.5333252,301.7966614,307.0533447,331.3266602,333.0366821,337.9733276,336.8800049
90,301.7966614,307.0533447,331.3266602,333.0366821,337.9733276,336.8800049,363.9466553
91,307.0533447,331.3266602,333.0366821,337.9733276,336.8800049,363.9466553,366.5233459
92,331.3266602,333.0366821,337.9733276,336.8800049,363.9466553,366.5233459,364.6633301
93,333.0366821,337.9733276,336.8800049,363.9466553,366.5233459,364.6633301,359.2000122
94,337.9733276,336.8800049,363.9466553,366.5233459,364.6633301,359.2000122,361.5299988
95,336.8800049,363.9466553,366.5233459,364.6633301,359.2000122,361.5299988,381.8166809
96,363.9466553,366.5233459,364.6633301,359.2000122,361.5299988,381.8166809,363.7533264
97,366.5233459,364.6633301,359.2000122,361.5299988,381.8166809,363.7533264,348.5866699
98,364.6633301,359.2000122,361.5299988,381.8166809,363.7533264,348.5866699,352.4200134
99,359.2000122,361.5299988,381.8166809,363.7533264,348.5866699,352.4200134,341.8299866
100,361.5299988,381.8166809,363.7533264,348.5866699,352.4200134,341.8299866,325.3099976
101,381.8166809,363.7533264,348.5866699,352.4200134,341.8299866,325.3099976,328.9833374
102,363.7533264,348.5866699,352.4200134,341.8299866,325.3099976,328.9833374,340.7900085
103,348.5866699,352.4200134,341.8299866,325.3099976,328.9833374,340.7900085,328.3333435
104,352.4200134,341.8299866,325.3099976,328.9833374,340.7900085,328.3333435,334.7633362
105,341.8299866,325.3099976,328.9833374,340.7900085,328.3333435,334.7633362,342.7166748
106,325.3099976,328.9833374,340.7900085,328.3333435,334.7633362,342.7166748,325.7333374
107,328.9833374,340.7900085,328.3333435,334.7633362,342.7166748,325.7333374,336.2600098
108,340.7900085,328.3333435,334.7633362,342.7166748,325.7333374,336.2600098,335.0166626
109,328.3333435,334.7633362,342.7166748,325.7333374,336.2600098,335.0166626,332.6733398
110,334.7633362,342.7166748,325.7333374,336.2600098,335.0166626,332.6733398,292.1400146
111,342.7166748,325.7333374,336.2600098,335.0166626,332.6733398,292.1400146,293.8366699
112,325.7333374,336.2600098,335.0166626,332.6733398,292.1400146,293.8366699,292.5033264
113,336.2600098,335.0166626,332.6733398,292.1400146,293.8366699,292.5033264,290.2533264
114,335.0166626,332.6733398,292.1400146,293.8366699,292.5033264,290.2533264,300.980011
115,332.6733398,292.1400146,293.8366699,292.5033264,290.2533264,300.980011,303.0833435
116,292.1400146,293.8366699,292.5033264,290.2533264,300.980011,303.0833435,317.5400085
117,293.8366699,292.5033264,290.2533264,300.980011,303.0833435,317.5400085,291.0933228
118,292.5033264,290.2533264,300.980011,303.0833435,317.5400085,291.0933228,288.5499878
119,290.2533264,300.980011,303.0833435,317.5400085,291.0933228,288.5499878,262.3699951
120,300.980011,303.0833435,317.5400085,291.0933228,288.5499878,262.3699951,266.6799927
121,303.0833435,317.5400085,291.0933228,288.5499878,262.3699951,266.6799927,244.6666718
122,317.5400085,291.0933228,288.5499878,262.3699951,266.6799927,244.6666718,242.6666718
123,291.0933228,288.5499878,262.3699951,266.6799927,244.6666718,242.6666718,256.5299988
124,288.5499878,262.3699951,266.6799927,244.6666718,242.6666718,256.5299988,241.456665
125,262.3699951,266.6799927,244.6666718,242.6666718,256.5299988,241.456665,253.8699951
126,266.6799927,244.6666718,242.6666718,256.5299988,241.456665,253.8699951,236.6033325
127,244.6666718,242.6666718,256.5299988,241.456665,253.8699951,236.6033325,236.4733276
128,242.6666718,256.5299988,241.456665,253.8699951,236.6033325,236.4733276,221.3000031
129,256.5299988,241.456665,253.8699951,236.6033325,236.4733276,221.3000031,224.9666595
130,241.456665,253.8699951,236.6033325,236.4733276,221.3000031,224.9666595,209.386673
131,253.8699951,236.6033325,236.4733276,221.3000031,224.9666595,209.386673,219.6000061
132,236.6033325,236.4733276,221.3000031,224.9666595,209.386673,219.6000061,235.9100037
133,236.4733276,221.3000031,224.9666595,209.386673,219.6000061,235.9100037,253.2100067
134,221.3000031,224.9666595,209.386673,219.6000061,235.9100037,253.2100067,252.7533264
135,224.9666595,209.386673,219.6000061,235.9100037,253.2100067,252.7533264,246.7899933
136,209.386673,219.6000061,235.9100037,253.2100067,252.7533264,246.7899933,258.3333435
137,219.6000061,235.9100037,253.2100067,252.7533264,246.7899933,258.3333435,234.5166626
138,235.9100037,253.2100067,252.7533264,246.7899933,258.3333435,234.5166626,238.2799988
139,253.2100067,252.7533264,246.7899933,258.3333435,234.5166626,238.2799988,238.886673
140,252.7533264,246.7899933,258.3333435,234.5166626,238.2799988,238.886673,241.8666687
141,246.7899933,258.3333435,234.5166626,238.2799988,238.886673,241.8666687,239.706665
142,258.3333435,234.5166626,238.2799988,238.886673,241.8666687,239.706665,232.2299957
143,234.5166626,238.2799988,238.886673,241.8666687,239.706665,232.2299957,215.7366638
144,238.2799988,238.886673,241.8666687,239.706665,232.2299957,215.7366638,220.8899994
145,238.886673,241.8666687,239.706665,232.2299957,215.7366638,220.8899994,233.0
146,241.8666687,239.706665,232.2299957,215.7366638,220.8899994,233.0,213.1000061
147,239.706665,232.2299957,215.7366638,220.8899994,233.0,213.1000061,216.7599945
148,232.2299957,215.7366638,220.8899994,233.0,213.1000061,216.7599945,237.0366669
149,215.7366638,220.8899994,233.0,213.1000061,216.7599945,237.0366669,236.0866699
150,220.8899994,233.0,213.1000061,216.7599945,237.0366669,236.0866699,235.0700073
151,233.0,213.1000061,216.7599945,237.0366669,236.0866699,235.0700073,245.706665
152,213.1000061,216.7599945,237.0366669,236.0866699,235.0700073,245.706665,244.9199982
153,216.7599945,237.0366669,236.0866699,235.0700073,245.706665,244.9199982,232.6633301
154,237.0366669,236.0866699,235.0700073,245.706665,244.9199982,232.6633301,228.4900055
155,236.0866699,235.0700073,245.706665,244.9199982,232.6633301,228.4900055,224.4733276
156,235.0700073,245.706665,244.9199982,232.6633301,228.4900055,224.4733276,227.2633362
157,245.706665,244.9199982,232.6633301,228.4900055,224.4733276,227.2633362,233.0666656
158,244.9199982,232.6633301,228.4900055,224.4733276,227.2633362,233.0666656,231.7333374
159,232.6633301,228.4900055,224.4733276,227.2633362,233.0666656,231.7333374,244.543335
160,228.4900055,224.4733276,227.2633362,233.0666656,231.7333374,244.543335,250.7633362
161,224.4733276,227.2633362,233.0666656,231.7333374,244.543335,250.7633362,234.343338
162,227.2633362,233.0666656,231.7333374,244.543335,250.7633362,234.343338,233.0700073
163,233.0666656,231.7333374,244.543335,250.7633362,234.343338,233.0700073,237.0399933
164,231.7333374,244.543335,250.7633362,234.343338,233.0700073,237.0399933,238.3133392
165,244.543335,250.7633362,234.343338,233.0700073,237.0399933,238.3133392,240.0666656
166,250.7633362,234.343338,233.0700073,237.0399933,238.3133392,240.0666656,240.5466614
167,234.343338,233.0700073,237.0399933,238.3133392,240.0666656,240.5466614,245.5299988
168,233.0700073,237.0399933,238.3133392,240.0666656,240.5466614,245.5299988,247.5
169,237.0399933,238.3133392,240.0666656,240.5466614,245.5299988,247.5,271.706665
170,238.3133392,240.0666656,240.5466614,245.5299988,247.5,271.706665,272.2433472
171,240.0666656,240.5466614,245.5299988,247.5,271.706665,272.2433472,268.4333191
172,240.5466614,245.5299988,247.5,271.706665,272.2433472,268.4333191,258.8599854
173,245.5299988,247.5,271.706665,272.2433472,268.4333191,258.8599854,274.8200073
174,247.5,271.706665,272.2433472,268.4333191,258.8599854,274.8200073,280.8999939
175,271.706665,272.2433472,268.4333191,258.8599854,274.8200073,280.8999939,297.1499939
176,272.2433472,268.4333191,258.8599854,274.8200073,280.8999939,297.1499939,297.2766724
177,268.4333191,258.8599854,274.8200073,280.8999939,297.1499939,297.2766724,300.5866699
178,258.8599854,274.8200073,280.8999939,297.1499939,297.2766724,300.5866699,307.3966675
179,274.8200073,280.8999939,297.1499939,297.2766724,300.5866699,307.3966675,308.6333313
180,280.8999939,297.1499939,297.2766724,300.5866699,307.3966675,308.6333313,288.1700134
181,297.1499939,297.2766724,300.5866699,307.3966675,308.6333313,288.1700134,290.4233398
182,297.2766724,300.5866699,307.3966675,308.6333313,288.1700134,290.4233398,283.3333435
183,300.5866699,307.3966675,308.6333313,288.1700134,290.4233398,283.3333435,294.3566589
184,307.3966675,308.6333313,288.1700134,290.4233398,283.3333435,294.3566589,286.6300049
185,308.6333313,288.1700134,290.4233398,283.3333435,294.3566589,286.6300049,300.0299988
186,288.1700134,290.4233398,283.3333435,294.3566589,286.6300049,300.0299988,309.3200073
187,290.4233398,283.3333435,294.3566589,286.6300049,300.0299988,309.3200073,306.563324
188,283.3333435,294.3566589,286.6300049,300.0299988,309.3200073,306.563324,303.9966736
189,294.3566589,286.6300049,300.0299988,309.3200073,306.563324,303.9966736,302.8699951
190,286.6300049,300.0299988,309.3200073,306.563324,303.9966736,302.8699951,296.6666565
191,300.0299988,309.3200073,306.563324,303.9966736,302.8699951,296.6666565,289.9133301
192,309.3200073,306.563324,303.9966736,302.8699951,296.6666565,289.9133301,296.4533386
193,306.563324,303.9966736,302.8699951,296.6666565,289.9133301,296.4533386,297.0966797
194,303.9966736,302.8699951,296.6666565,289.9133301,296.4533386,297.0966797,296.0700073
195,302.8699951,296.6666565,289.9133301,296.4533386,297.0966797,296.0700073,288.0899963
196,296.6666565,289.9133301,296.4533386,297.0966797,296.0700073,288.0899963,284.8200073
197,289.9133301,296.4533386,297.0966797,296.0700073,288.0899963,284.8200073,277.7000122
198,296.4533386,297.0966797,296.0700073,288.0899963,284.8200073,277.7000122,275.6099854
199,297.0966797,296.0700073,288.0899963,284.8200073,277.7000122,275.6099854,277.1600037
200,296.0700073,288.0899963,284.8200073,277.7000122,275.6099854,277.1600037,270.2099915
201,288.0899963,284.8200073,277.7000122,275.6099854,277.1600037,270.2099915,274.4200134
202,284.8200073,277.7000122,275.6099854,277.1600037,270.2099915,274.4200134,283.7000122
203,277.7000122,275.6099854,277.1600037,270.2099915,274.4200134,283.7000122,289.2600098
204,275.6099854,277.1600037,270.2099915,274.4200134,283.7000122,289.2600098,299.6799927
205,277.1600037,270.2099915,274.4200134,283.7000122,289.2600098,299.6799927,304.4200134
206,270.2099915,274.4200134,283.7000122,289.2600098,299.6799927,304.4200134,292.1300049
207,274.4200134,283.7000122,289.2600098,299.6799927,304.4200134,292.1300049,302.6099854
208,283.7000122,289.2600098,299.6799927,304.4200134,292.1300049,302.6099854,303.75
209,289.2600098,299.6799927,304.4200134,292.1300049,302.6099854,303.75,303.3500061
210,299.6799927,304.4200134,292.1300049,302.6099854,303.75,303.3500061,309.0700073
211,304.4200134,292.1300049,302.6099854,303.75,303.3500061,309.0700073,308.730011
212,292.1300049,302.6099854,303.75,303.3500061,309.0700073,308.730011,300.7999878
213,302.6099854,303.75,303.3500061,309.0700073,308.730011,300.7999878,288.5899963
214,303.75,303.3500061,309.0700073,308.730011,300.7999878,288.5899963,275.3299866
215,303.3500061,309.0700073,308.730011,300.7999878,288.5899963,275.3299866,276.0100098
216,309.0700073,308.730011,300.7999878,288.5899963,275.3299866,276.0100098,282.9400024
217,308.730011,300.7999878,288.5899963,275.3299866,276.0100098,282.9400024,287.8099976
218,300.7999878,288.5899963,275.3299866,276.0100098,282.9400024,287.8099976,268.2099915
219,288.5899963,275.3299866,276.0100098,282.9400024,287.8099976,268.2099915,265.25
220,275.3299866,276.0100098,282.9400024,287.8099976,268.2099915,265.25,242.3999939
221,276.0100098,282.9400024,287.8099976,268.2099915,265.25,242.3999939,249.4400024
222,282.9400024,287.8099976,268.2099915,265.25,242.3999939,249.4400024,240.8099976
223,287.8099976,268.2099915,265.25,242.3999939,249.4400024,240.8099976,238.1300049
224,268.2099915,265.25,242.3999939,249.4400024,240.8099976,238.1300049,223.0700073
225,265.25,242.3999939,249.4400024,240.8099976,238.1300049,223.0700073,222.9600067
226,242.3999939,249.4400024,240.8099976,238.1300049,223.0700073,222.9600067,216.5
227,249.4400024,240.8099976,238.1300049,223.0700073,222.9600067,216.5,217.2400055
228,240.8099976,238.1300049,223.0700073,222.9600067,216.5,217.2400055,221.7200012
229,238.1300049,223.0700073,222.9600067,216.5,217.2400055,221.7200012,204.9900055
230,223.0700073,222.9600067,216.5,217.2400055,221.7200012,204.9900055,219.3500061
231,222.9600067,216.5,217.2400055,221.7200012,204.9900055,219.3500061,220.1900024
232,216.5,217.2400055,221.7200012,204.9900055,219.3500061,220.1900024,222.0399933
233,217.2400055,221.7200012,204.9900055,219.3500061,220.1900024,222.0399933,207.2799988
234,221.7200012,204.9900055,219.3500061,220.1900024,222.0399933,207.2799988,214.4400024
235,204.9900055,219.3500061,220.1900024,222.0399933,207.2799988,214.4400024,211.25
236,219.3500061,220.1900024,222.0399933,207.2799988,214.4400024,211.25,222.4199982
237,220.1900024,222.0399933,207.2799988,214.4400024,211.25,222.4199982,224.6399994
238,222.0399933,207.2799988,214.4400024,211.25,222.4199982,224.6399994,225.0899963
239,207.2799988,214.4400024,211.25,222.4199982,224.6399994,225.0899963,228.5200043
240,214.4400024,211.25,222.4199982,224.6399994,225.0899963,228.5200043,227.5399933
241,211.25,222.4199982,224.6399994,225.0899963,228.5200043,227.5399933,227.8200073
242,222.4199982,224.6399994,225.0899963,228.5200043,227.5399933,227.8200073,214.9799957
243,224.6399994,225.0899963,228.5200043,227.5399933,227.8200073,214.9799957,215.3099976
244,225.0899963,228.5200043,227.5399933,227.8200073,214.9799957,215.3099976,207.4700012
245,228.5200043,227.5399933,227.8200073,214.9799957,215.3099976,207.4700012,197.0800018
246,227.5399933,227.8200073,214.9799957,215.3099976,207.4700012,197.0800018,191.3000031
247,227.8200073,214.9799957,215.3099976,207.4700012,197.0800018,191.3000031,177.5899963
248,214.9799957,215.3099976,207.4700012,197.0800018,191.3000031,177.5899963,190.7200012
249,215.3099976,207.4700012,197.0800018,191.3000031,177.5899963,190.7200012,195.9700012
250,207.4700012,197.0800018,191.3000031,177.5899963,190.7200012,195.9700012,190.9499969
251,197.0800018,191.3000031,177.5899963,190.7200012,195.9700012,190.9499969,194.4199982
252,191.3000031,177.5899963,190.7200012,195.9700012,190.9499969,194.4199982,186.9199982
253,177.5899963,190.7200012,195.9700012,190.9499969,194.4199982,186.9199982,183.1699982
254,190.7200012,195.9700012,190.9499969,194.4199982,186.9199982,183.1699982,180.1900024
255,195.9700012,190.9499969,194.4199982,186.9199982,183.1699982,180.1900024,167.8699951
256,190.9499969,194.4199982,186.9199982,183.1699982,180.1900024,167.8699951,169.9100037
257,194.4199982,186.9199982,183.1699982,180.1900024,167.8699951,169.9100037,183.1999969
258,186.9199982,183.1699982,180.1900024,167.8699951,169.9100037,183.1999969,182.8600006
259,183.1699982,180.1900024,167.8699951,169.9100037,183.1999969,182.8600006,182.9199982
260,180.1900024,167.8699951,169.9100037,183.1999969,182.8600006,182.9199982,180.8300018
261,167.8699951,169.9100037,183.1999969,182.8600006,182.9199982,180.8300018,194.6999969
262,169.9100037,183.1999969,182.8600006,182.9199982,180.8300018,194.6999969,194.6999969
263,183.1999969,182.8600006,182.9199982,180.8300018,194.6999969,194.6999969,194.8600006
264,182.8600006,182.9199982,180.8300018,194.6999969,194.6999969,194.8600006,182.4499969
265,182.9199982,180.8300018,194.6999969,194.6999969,194.8600006,182.4499969,179.8200073
266,180.8300018,194.6999969,194.6999969,194.8600006,182.4499969,179.8200073,174.0399933
267,194.6999969,194.6999969,194.8600006,182.4499969,179.8200073,174.0399933,173.4400024
268,194.6999969,194.8600006,182.4499969,179.8200073,174.0399933,173.4400024,179.0500031
269,194.8600006,182.4499969,179.8200073,174.0399933,173.4400024,179.0500031,167.8200073
270,182.4499969,179.8200073,174.0399933,173.4400024,179.0500031,167.8200073,160.9499969
271,179.8200073,174.0399933,173.4400024,179.0500031,167.8200073,160.9499969,156.8000031
272,174.0399933,173.4400024,179.0500031,167.8200073,160.9499969,156.8000031,157.6699982
273,173.4400024,179.0500031,167.8200073,160.9499969,156.8000031,157.6699982,150.2299957
274,179.0500031,167.8200073,160.9499969,156.8000031,157.6699982,150.2299957,149.8699951
275,167.8200073,160.9499969,156.8000031,157.6699982,150.2299957,149.8699951,137.8000031
276,160.9499969,156.8000031,157.6699982,150.2299957,149.8699951,137.8000031,137.5700073
277,156.8000031,157.6699982,150.2299957,149.8699951,137.8000031,137.5700073,125.3499985
278,157.6699982,150.2299957,149.8699951,137.8000031,137.5700073,125.3499985,123.1500015
279,150.2299957,149.8699951,137.8000031,137.5700073,125.3499985,123.1500015,109.0999985
280,149.8699951,137.8000031,137.5700073,125.3499985,123.1500015,109.0999985,112.7099991
281,137.8000031,137.5700073,125.3499985,123.1500015,109.0999985,112.7099991,121.8199997
282,137.5700073,125.3499985,123.1500015,109.0999985,112.7099991,121.8199997,123.1800003
283,125.3499985,123.1500015,109.0999985,112.7099991,121.8199997,123.1800003,108.0999985
284,123.1500015,109.0999985,112.7099991,121.8199997,123.1800003,108.0999985,113.6399994
285,109.0999985,112.7099991,121.8199997,123.1800003,108.0999985,113.6399994,110.3399963
286,112.7099991,121.8199997,123.1800003,108.0999985,113.6399994,110.3399963,113.0599976
287,121.8199997,123.1800003,108.0999985,113.6399994,110.3399963,113.0599976,119.7699966
288,123.1800003,108.0999985,113.6399994,110.3399963,113.0599976,119.7699966,118.8499985
289,108.0999985,113.6399994,110.3399963,113.0599976,119.7699966,118.8499985,123.2200012
290,113.6399994,110.3399963,113.0599976,119.7699966,118.8499985,123.2200012,123.5599976
291,110.3399963,113.0599976,119.7699966,118.8499985,123.2200012,123.5599976,122.4000015
292,113.0599976,119.7699966,118.8499985,123.2200012,123.5599976,122.4000015,131.4900055
293,119.7699966,118.8499985,123.2200012,123.5599976,122.4000015,131.4900055,128.7799988
294,118.8499985,123.2200012,123.5599976,122.4000015,131.4900055,128.7799988,127.1699982
295,123.2200012,123.5599976,122.4000015,131.4900055,128.7799988,127.1699982,133.4199982
296,123.5599976,122.4000015,131.4900055,128.7799988,127.1699982,133.4199982,143.75
297,122.4000015,131.4900055,128.7799988,127.1699982,133.4199982,143.75,143.8899994
298,131.4900055,128.7799988,127.1699982,133.4199982,143.75,143.8899994,144.4299927
299,128.7799988,127.1699982,133.4199982,143.75,143.8899994,144.4299927,160.2700043
300,127.1699982,133.4199982,143.75,143.8899994,144.4299927,160.2700043,177.8999939
301,133.4199982,143.75,143.8899994,144.4299927,160.2700043,177.8999939,166.6600037
302,143.75,143.8899994,144.4299927,160.2700043,177.8999939,166.6600037,173.2200012
303,143.8899994,144.4299927,160.2700043,177.8999939,166.6600037,173.2200012,181.4100037
304,144.4299927,160.2700043,177.8999939,166.6600037,173.2200012,181.4100037,188.2700043
305,160.2700043,177.8999939,166.6600037,173.2200012,181.4100037,188.2700043,189.9799957
306,177.8999939,166.6600037,173.2200012,181.4100037,188.2700043,189.9799957,194.7599945
307,166.6600037,173.2200012,181.4100037,188.2700043,189.9799957,194.7599945,196.8099976
308,173.2200012,181.4100037,188.2700043,189.9799957,194.7599945,196.8099976,201.2899933
309,181.4100037,188.2700043,189.9799957,194.7599945,196.8099976,201.2899933,207.3200073
310,188.2700043,189.9799957,194.7599945,196.8099976,201.2899933,207.3200073,196.8899994
311,189.9799957,194.7599945,196.8099976,201.2899933,207.3200073,196.8899994,194.6399994
312,194.7599945,196.8099976,201.2899933,207.3200073,196.8899994,194.6399994,209.25
313,196.8099976,201.2899933,207.3200073,196.8899994,194.6399994,209.25,214.2400055
314,201.2899933,207.3200073,196.8899994,194.6399994,209.25,214.2400055,202.0399933
315,207.3200073,196.8899994,194.6399994,209.25,214.2400055,202.0399933,208.3099976
316,196.8899994,194.6399994,209.25,214.2400055,202.0399933,208.3099976,197.3699951
317,194.6399994,209.25,214.2400055,202.0399933,208.3099976,197.3699951,200.8600006
318,209.25,214.2400055,202.0399933,208.3099976,197.3699951,200.8600006,202.0700073
319,214.2400055,202.0399933,208.3099976,197.3699951,200.8600006,202.0700073,196.8800049
320,202.0399933,208.3099976,197.3699951,200.8600006,202.0700073,196.8800049,207.6300049
321,208.3099976,197.3699951,200.8600006,202.0700073,196.8800049,207.6300049,205.7100067
322,197.3699951,200.8600006,202.0700073,196.8800049,207.6300049,205.7100067,202.7700043
323,200.8600006,202.0700073,196.8800049,207.6300049,205.7100067,202.7700043,190.8999939
324,202.0700073,196.8800049,207.6300049,205.7100067,202.7700043,190.8999939,197.7899933
325,196.8800049,207.6300049,205.7100067,202.7700043,190.8999939,197.7899933,193.8099976
326,207.6300049,205.7100067,202.7700043,190.8999939,197.7899933,193.8099976,187.7100067
327,205.7100067,202.7700043,190.8999939,197.7899933,193.8099976,187.7100067,182.0
328,202.7700043,190.8999939,197.7899933,193.8099976,187.7100067,182.0,172.9199982
329,190.8999939,197.7899933,193.8099976,187.7100067,182.0,172.9199982,173.4400024
330,197.7899933,193.8099976,187.7100067,182.0,172.9199982,173.4400024,174.4799957
331,193.8099976,187.7100067,182.0,172.9199982,173.4400024,174.4799957,183.2599945
332,187.7100067,182.0,172.9199982,173.4400024,174.4799957,183.2599945,180.4499969
333,182.0,172.9199982,173.4400024,174.4799957,183.2599945,180.4499969,184.1300049
334,172.9199982,173.4400024,174.4799957,183.2599945,180.4499969,184.1300049,180.1300049
335,173.4400024,174.4799957,183.2599945,180.4499969,184.1300049,180.1300049,183.25
336,174.4799957,183.2599945,180.4499969,184.1300049,180.1300049,183.25,197.5800018
337,183.2599945,180.4499969,184.1300049,180.1300049,183.25,197.5800018,191.1499939
338,180.4499969,184.1300049,180.1300049,183.25,197.5800018,191.1499939,192.2200012
339,184.1300049,180.1300049,183.25,197.5800018,191.1499939,192.2200012,190.4100037
340,180.1300049,183.25,197.5800018,191.1499939,192.2200012,190.4100037,191.8099976
341,183.25,197.5800018,191.1499939,192.2200012,190.4100037,191.8099976,189.1900024
342,197.5800018,191.1499939,192.2200012,190.4100037,191.8099976,189.1900024,193.8800049
343,191.1499939,192.2200012,190.4100037,191.8099976,189.1900024,193.8800049,195.2799988
344,192.2200012,190.4100037,191.8099976,189.1900024,193.8800049,195.2799988,207.4600067
345,190.4100037,191.8099976,189.1900024,193.8800049,195.2799988,207.4600067,194.7700043
346,191.8099976,189.1900024,193.8800049,195.2799988,207.4600067,194.7700043,192.5800018
347,189.1900024,193.8800049,195.2799988,207.4600067,194.7700043,192.5800018,185.5200043
348,193.8800049,195.2799988,207.4600067,194.7700043,192.5800018,185.5200043,185.0599976
349,195.2799988,207.4600067,194.7700043,192.5800018,185.5200043,185.0599976,184.5099945
350,207.4600067,194.7700043,192.5800018,185.5200043,185.0599976,184.5099945,186.7899933
351,194.7700043,192.5800018,185.5200043,185.0599976,184.5099945,186.7899933,180.5399933
352,192.5800018,185.5200043,185.0599976,184.5099945,186.7899933,180.5399933,185.8999939
353,185.5200043,185.0599976,184.5099945,186.7899933,180.5399933,185.8999939,185.0
354,185.0599976,184.5099945,186.7899933,180.5399933,185.8999939,185.0,187.0399933
355,184.5099945,186.7899933,180.5399933,185.8999939,185.0,187.0399933,184.3099976
356,186.7899933,180.5399933,185.8999939,185.0,187.0399933,184.3099976,180.5899963
357,180.5399933,185.8999939,185.0,187.0399933,184.3099976,180.5899963,162.9900055
358,185.8999939,185.0,187.0399933,184.3099976,180.5899963,162.9900055,165.0800018
359,185.0,187.0399933,184.3099976,180.5899963,162.9900055,165.0800018,162.5500031
360,187.0399933,184.3099976,180.5899963,162.9900055,165.0800018,162.5500031,160.6699982
361,184.3099976,180.5899963,162.9900055,165.0800018,162.5500031,160.6699982,153.75
362,180.5899963,162.9900055,165.0800018,162.5500031,160.6699982,153.75,160.1900024
363,162.9900055,165.0800018,162.5500031,160.6699982,153.75,160.1900024,164.3099976
364,165.0800018,162.5500031,160.6699982,153.75,160.1900024,164.3099976,161.8300018
365,162.5500031,160.6699982,153.75,160.1900024,164.3099976,161.8300018,160.3099976
366,160.6699982,153.75,160.1900024,164.3099976,161.8300018,160.3099976,160.6100006
367,153.75,160.1900024,164.3099976,161.8300018,160.3099976,160.6100006,161.1999969
368,160.1900024,164.3099976,161.8300018,160.3099976,160.6100006,161.1999969,170.0599976
369,164.3099976,161.8300018,160.3099976,160.6100006,161.1999969,170.0599976,171.7899933
370,161.8300018,160.3099976,160.6100006,161.1999969,170.0599976,171.7899933,169.1499939
371,160.3099976,160.6100006,161.1999969,170.0599976,171.7899933,169.1499939,168.5399933
372,160.6100006,161.1999969,170.0599976,171.7899933,169.1499939,168.5399933,172.0800018
373,161.1999969,170.0599976,171.7899933,169.1499939,168.5399933,172.0800018,167.9799957
374,170.0599976,171.7899933,169.1499939,168.5399933,172.0800018,167.9799957,166.3500061
375,171.7899933,169.1499939,168.5399933,172.0800018,167.9799957,166.3500061,166.5200043
376,169.1499939,168.5399933,172.0800018,167.9799957,166.3500061,166.5200043,173.8600006
377,168.5399933,172.0800018,167.9799957,166.3500061,166.5200043,173.8600006,176.8899994
378,172.0800018,167.9799957,166.3500061,166.5200043,173.8600006,176.8899994,180.1399994
379,167.9799957,166.3500061,166.5200043,173.8600006,176.8899994,180.1399994,188.8699951
380,166.3500061,166.5200043,173.8600006,176.8899994,180.1399994,188.8699951,185.7700043
381,166.5200043,173.8600006,176.8899994,180.1399994,188.8699951,185.7700043,182.8999939
382,173.8600006,176.8899994,180.1399994,188.8699951,185.7700043,182.8999939,184.4700012
383,176.8899994,180.1399994,188.8699951,185.7700043,182.8999939,184.4700012,193.1699982
384,180.1399994,188.8699951,185.7700043,182.8999939,184.4700012,193.1699982,201.1600037
385,188.8699951,185.7700043,182.8999939,184.4700012,193.1699982,201.1600037,203.9299927
386,185.7700043,182.8999939,184.4700012,193.1699982,201.1600037,203.9299927,207.5200043
387,182.8999939,184.4700012,193.1699982,201.1600037,203.9299927,207.5200043,213.9700012
388,184.4700012,193.1699982,201.1600037,203.9299927,207.5200043,213.9700012,217.6100006
389,193.1699982,201.1600037,203.9299927,207.5200043,213.9700012,217.6100006,221.3099976
390,201.1600037,203.9299927,207.5200043,213.9700012,217.6100006,221.3099976,224.5700073
391,203.9299927,207.5200043,213.9700012,217.6100006,221.3099976,224.5700073,234.8600006
392,207.5200043,213.9700012,217.6100006,221.3099976,224.5700073,234.8600006,244.3999939
393,213.9700012,217.6100006,221.3099976,224.5700073,234.8600006,244.3999939,249.8300018
394,217.6100006,221.3099976,224.5700073,234.8600006,244.3999939,249.8300018,258.7099915
395,221.3099976,224.5700073,234.8600006,244.3999939,249.8300018,258.7099915,256.7900085
396,224.5700073,234.8600006,244.3999939,249.8300018,258.7099915,256.7900085,255.8999939
397,234.8600006,244.3999939,249.8300018,258.7099915,256.7900085,255.8999939,260.5400085
398,244.3999939,249.8300018,258.7099915,256.7900085,255.8999939,260.5400085,274.4500122
399,249.8300018,258.7099915,256.7900085,255.8999939,260.5400085,274.4500122,259.4599915
400,258.7099915,256.7900085,255.8999939,260.5400085,274.4500122,259.4599915,264.6099854
401,256.7900085,255.8999939,260.5400085,274.4500122,259.4599915,264.6099854,256.6000061
402,255.8999939,260.5400085,274.4500122,259.4599915,264.6099854,256.6000061,241.0500031
403,260.5400085,274.4500122,259.4599915,264.6099854,256.6000061,241.0500031,250.2100067
404,274.4500122,259.4599915,264.6099854,256.6000061,241.0500031,250.2100067,256.2399902
405,259.4599915,264.6099854,256.6000061,241.0500031,250.2100067,256.2399902,257.5
